CA,"@DurvidImel So funny how many of us have had this convo over the past week or so. Get your fun in now, folks!",1
WA,When you can squat your husband ğŸ˜‚,0
CA,@vcspreps Gavin Beerup adjusts to new role as Wide out and catches 2 TD passes from Kai Rojas!,0
MD,@IamMikeHunt01 @ogscrappy @kameronblount4 Fr thoğŸ˜‚ğŸ’€,0
NY,@rudi_99 @McMahel @BenRothenberg @StefMylesTennis @carole_bouchard I think the Beijing tournament has much better câ€¦ https://t.co/CFvMRAkdto,1
MI,"Alaska Thunderfuck / September 14th, 2018 https://t.co/giw3kRXxSc",0
GA,@DayDay14_ i live my life like i should (:,-1
CA,@GOLF_com Full year of lessons,0
IA,Hate a lot of people in my life rn,-1
MD,the dream,0
MA,i still canâ€™t believe i saw this man. like what are the odds?,0
AZ,THE SOTOS!!!! - Thank you the_mrs_soto  &amp; thank you @javiersototv for giving us hand with the flow of the night andâ€¦ https://t.co/oP53VIYBpd,1
CA,Repairs have been made to the @NosEnergyDrink @SJMRacing17 and @Haudenschild_17 is ready to tag the rear of field!,0
GA,@sadboyanime @Chloe_Greenie â¤ï¸ğŸ’•IMAGINE.....,0
CA,Best red bull so best turin wow I suck,-1
CA,Did he have a gun.... of any kind... or not? More questions than answers for some after a release of body cam videoâ€¦ https://t.co/1wBd5QtwSF,0
TX,@htx_lindslay Thank youuuuuuuu!,1
WA,"At the Y today. #workout #quick #dumbell #curls 
Need a haircut. @soniaralynn #arm #day @ Seattle, Washington https://t.co/JJbO752i7K",0
CA,"I'm at Downtown San Diego in San Diego, CA https://t.co/KCJrH5bBEQ",0
TN,*another reason for someone to come see Jimmy Kimmel Live with me*,0
AR,@ChelseaClinton Whoever said we were going back to Pre-Roe?...Kavanaugh cannot overturn anything by himself..you'reâ€¦ https://t.co/XF12PZWPoY,0
MA,Yâ€™all are DISGUSTING. Peanut Butter is the ultimate winner ğŸ‘€,-1
CA,I had some good friends call me â€œry guyâ€ and i used that as my username lots of places. Then someone stole the userâ€¦ https://t.co/q2yMdjga0i,0
IL,4Freedom ğŸ™ğŸ½â€â™‚ï¸,0
AZ,"""If you don't like the taste of cilantro, get the fuck off the planet""

-me",-1
TX,@Spitgoat epic,0
CA,If you donâ€™t get outta here posting pics of our aunties nigga damn,-1
SC,@RocessGlenn @deztm5 @DennisGMoriarty @BetteMidler Oh we want to try but just not the way those countries have trieâ€¦ https://t.co/SJ7maHIQ3V,0
KS,MY BFFS ARE COMIN TO LFK TOMORROW YAY!!!,1
GA,Purposeful,1
IL,@pbranch14 @realFireNunes @JanzforCongress karma needs to catch up with this traitor,0
IL,@SityxRG boy u dumb ğŸ˜­,-1
NY,"I believe that a day without laughter is a day wasted!!ğŸ˜ƒ
.
.
.
.
.
#newyork #nyc #instapic #instagood #topâ€¦ https://t.co/u51P1uMEN8",1
NE,ITâ€™S GAMEDAY!!!! https://t.co/JY4cwfRDym,1
KS,Me with every song on @6LACK new album https://t.co/OcFVvYk0ir,0
NC,oh yâ€™all together together ? ğŸ¤£ he donâ€™t act like it,0
NC,I got rank.,0
WA,Defense holds! Central Kitsap going to win! https://t.co/4js0NGbBtL,0
NC,A vibe frğŸ’ğŸ¾â€â™€ï¸ thatâ€™s why I fw who I fwğŸ˜Œ,0
GA,"And then... What pisses me off more than anything is when I tell someone ""No"" when asked to do something and I getâ€¦ https://t.co/rfHFycJflM",-1
LA,@n0usrname Love you to ğŸ˜˜,1
OR,@HananJocelyn He said never,0
NV,Blessings &amp; healing to all. âœ¨ğŸ•¯ https://t.co/PwxI7zdq58,1
TN,@katarichardson @PamelaEly5 @bradHar1980 @Franklin_Graham Amen Praise Jesus Praise God,1
CA,Dry ice cure? @HIGH_TIMES_Mag @CannabisiaTV @originalstoner @420,0
CA,https://t.co/uGDFRqGLyT he he,0
GA,The Apple doesnâ€™t fall far from the tree. And it just so happens that tree is a mixture of idiotic and batshit crazâ€¦ https://t.co/5M7b56sJph,0
OH,I just want some good consistent conversation,0
CA,Isn't it interesting that #losses are predicted in the US dollar and Bank of England as a result of Trump and Brexiâ€¦ https://t.co/0LBPDHcUIL,0
TX,Iâ€™m on acid wow I finally did it,0
NC,@_SJPeace_ The cuffs and gun help.,0
AL,@designmom @threadreaderapp unroll me,0
IN,Another fantastic week with the fabulous firsties of room 10! #concordpride https://t.co/M2AYhP9DYn,1
NC,is it possible that your brain is so amazing that itâ€™s a hindrance to happiness?,1
CA,ğŸ¶Nef The Pharoah - V.P.D.,0
CA,Blonde balayage #sandreezzy #Hairninja #volumeiii #haircolor #balayage #blondebalayage #blondehair #hairgoalsâ€¦ https://t.co/kmWCl3nfuU,0
NY,@asjiaoneal The Clinton quickest u can reach~5,0
AZ,I'm trying to find what game to play. https://t.co/QAwi0Tg11y,0
CA,"Iâ€™ve spent the last two weeks celebrating these two amazing ladies 50th birthdays. Iâ€™m exhausted, enough already...â€¦ https://t.co/jgbHnEXsqx",1
NY,@gailendavid @gfallar @DonaldJTrumpJr @kathygriffin I thought Kathy Griffin was a comedian. Is it humor or not?,0
IL,Iâ€™m reporting this lmfaooooo,0
TX,Me every fucking day,-1
OK,mind ya business damn,-1
CA,@MarcDamon1 another one.,0
AL,Females real life b acting delusional.,0
FL,I feel personally attacked,-1
MO,Donâ€™t jump on our bandwagon once we make the Super Bowl though. Itâ€™s too dam late,-1
CA,Get you a friend like @__sadking https://t.co/iT6sp5E1IU,0
TX,6lacks album 10/10,0
KS,girls that like lil peep got the best putang,1
WI,I kind of feel sorry for that one guy who posts on Nextdoor multiple times a day...,-1
ID,@RajaBleedsBlue - mad #respect  man.  That stunt took some big ones.  #GoBroncos #BoiseState https://t.co/x3eFMumaMJ,0
TX,It ainâ€™t as good as it used to be,-1
MI,My back hurt ğŸ˜©,-1
GA,Elmyrâ€™s a local bar ya fuckin yuppies.,-1
WA,starting to care less,-1
IL,@nywolforg Mother's work is ever doneğŸ’•ğŸ’œğŸŒ¼ğŸ’•ğŸºğŸ’•,-1
PA,@mzee26 Then...donâ€™t watch! https://t.co/9O1ABoj7GJ,0
AR,@tatatopping Woah,0
CA,Anyone going to the SDSU game tomorrow?,0
AL,We gone keep grinding and working ğŸ’¯,0
TX,@TMcgonagill Thanks for the inspiration! Missing your class!,1
CA,@kirinwgrene definitely Jon Hassell and Chrome â€” have both of those on vinyl,0
CA,ğŸ˜•thatâ€™s all we can do coach,0
CA,But they dont miss me lmao,-1
CA,@soupgrrl I bought it itâ€™s so cute!!!,1
CA,"@KatPaskin This... isnâ€™t reality. I am sure we are in a simulation. Point, Elon Musk",0
MA,â€œwhen the sing â€˜tomorrow isâ€™ today itâ€™ll be for real because they literary do only have tomorrowâ€,0
NY,Stalling to take my metformin medication. Iâ€™m not in the damn motha fuckin mood for this shit man,-1
CA,"I be that young, pretty, fly, smooth, glorious kid
A Bad Boy, just like The Notorious B.I.G",0
VA,@dsmizzles @AtlantaFalcons Lol yea I feel you . I keep a open mind so Iâ€™ll see what happens in the future. I just râ€¦ https://t.co/wjTYJDeCej,1
TN,@_Kenziiieee But thank god for change lawd ğŸ˜…,1
NV,Real friend how many of us : 1,0
IL,(canâ€™t tell if the guy my roomie has over is still here) (i am so thirsty) (and also need my medicine) (but i am toâ€¦ https://t.co/qfN7om3aW0,0
CA,Currency is cool and all but you ever hit it frkm the back on the verge of imminent death,-1
TX,@belisa_acosta @quinonez_paola_ bro me,0
TX,To good to be true.,1
NY,@emnajeeb Congratulations Najeeb,1
WV,The 1 nite I didn't get a ice coffee  and milk creamers' almost broke my foot instead of another fracture,-1
CA,What he said but Karina.,0
IA,I feel u ..,0
GA,"Just posted a photo @ Southside, Atlanta, Georgia https://t.co/n3LhgX0B3R",0
PA,Smoke weed everyday #NateDoggVoice https://t.co/K5pCO52AJO,-1
CA,"just caught that movie White Boy Rick, ğŸ¤·ğŸ¾â€â™‚ï¸ğŸ˜’ wasnâ€™t what i thought it was gone be, definitely wonâ€™t be seeing it again",0
TX,Screaming happy birthday to my baby love ! ğŸ’•ğŸ˜ I love you have good day @_eryyyyyy,1
IL,City bound ğŸŒƒ,0
OR,My DIL is amazing. This week she witnessed a racist remark and stepped way out of her comfort zone to speak from heâ€¦ https://t.co/pqH5jBQlcA,1
TX,U find urself adulting when ur drunk af and asleep by 12:00,0
SC,@blaackdiamonnd ğŸ˜…ğŸ˜…im tf dead,0
MS,"If you can get a text back, thatâ€™s a plus.",0
CA,Kellyanneâ€™s husband has had enough.,0
TX,look....THE SHREK SOUNDTRACK HAD NO RIGHT TO GO THIS HARD,0
GA,"The way the adult life set up, I be having to write in my diary faithfullyğŸ˜­ğŸ˜­",0
CA,"Because in the end weâ€™re leaving them alone in this f**ked up world like sitting ducks. Terrifying, desperate, prayâ€¦ https://t.co/T70UoWNizM",-1
TX,"September 14, 2018... 108 days left...",0
TX,"Way to go @lmchoate27, @clg915  and @_mullins33 for balling out tonight! #BleedBlue",0
TX,@HoarseWisperer Me too.    Oh me too!  So much,0
MA,My body hates me,-1
TX,Everytime I go to a social event I remember why I hate social events,-1
GA,Lmfaoooooo got damn! ğŸ˜‚ğŸ˜‚ğŸ˜‚ğŸ˜‚,-1
WA,*Hits blunt and looks at the stars*,0
WA,"Final: Central Kitsap 30, Yelm 28. #wafbscores",0
CA,@realDonaldTrump Will you be able to respond competently to THIS storm?  Or is it just too hard to do your job whenâ€¦ https://t.co/mlKo29ad60,0
TX,@thefinessecyd Itâ€™s a song,0
CA,A great day of Success Share Celebration at #0663 Million Dollar Baby!! @MCortezTHD327 @LKnappD327 @damonbever327 https://t.co/fU2GMX1pyq,1
OR,@andylassner Dick pics for all!! ğŸ†,0
TN,Going on for @drstacylspencer @ Tower Center Memphis / 33 https://t.co/hlXbg2MvTI,0
KS,"Hey @WaffleHouse, can you put one of your fine establishments in Tacoma, WA? 

Signed, a friend.",0
NY,such a burden holy crap,-1
SC,@DaGodfather1914 @SlimShadyTime21 @Eminem @rosenberg @ShadyRecords @mRpOrTeR7 @Royceda59 @eminemchartâ€¦ https://t.co/qTHtSJshLp,0
TX,I donâ€™t have the balls to do it ğŸ˜‚ Iâ€™ll end up choking cause Iâ€™ll be Paranoid,-1
AZ,This ainâ€™t a want itâ€™s a need.,0
GA,"Late night read as ECI dominates Portal 42-0, overcoming more than 120 penalty yards for the Bulldogs: https://t.co/yvR6TeEtNv",0
TN,I CANT SLEEP BECAUSE I MISS MY PUPPY SO MUCH ğŸ˜©ğŸ˜©,-1
LA,"@kwhite1_ @deebstylin @ggfazo facts, not even onna football team stfuğŸ˜‚",0
TX,"@thegreatkhalid FUCKIN killed it!!!
Thank you for all the surprises!!! â¤ï¸",1
TX,OH MY GOD not to be dramatic or anything but BITCH I WOULDVE DIED,-1
CA,Red dead 2 comin out also? Whatâ€™s a 2k,0
CA,Nigga just told me BOBBY VALENTINO bouta perform at Tailgaters in Brentwood. BITCH,-1
NC,@HYIMJEN @Tonya_Stylz @GerardCosmetics I know right! I should really start giving the delivery person a tip or a snack or something ğŸ˜‚,1
TX,@ShaynaJae123 Workin is a hell of a time suckerğŸ˜Ÿ,-1
TX,Pretty fucking bored,-1
KY,"I am happy, thatâ€™s just the saddest lie",-1
FL,"@kris_rt90 @MarlenaStell Thank you, Kris! ğŸ™ŒğŸ¼â¤ï¸",1
OH,I hope I get to hoop today.,0
NY,Stop making me feel bad whenever I act extra Iâ€™m not letting anyone suppress my presence anymore thanks,-1
MD,@TheWandererNews @MCITLFrAphorism Amen,0
AZ,"https://t.co/g4ledkLrwo

Is the @AP trying to really report information factually? Thank you!!!",1
OR,Nice win tonite Bowmen!,1
AZ,LOPES GOAL!ğŸš¨ğŸš¨ğŸš¨ Number 21 Zach Bennett gets it done. The deficit is now 1 with 8:37 to go in the third!,0
AZ,Great meeting you @Dave_Heeke! See at the next pep rally!  @1063TheGroove,0
CA,"Things happen in life. ""Endreit in mour in"". When the people you surround yourself with, has ties with the very issâ€¦ https://t.co/WMXKPA0SOd",0
TX,That ugly gut feeling I get I donâ€™t like once I get it something bad always happens to me ğŸ¤•,-1
NJ,I'm literally gonna miss the whole launch window for Delta 2 because of work. Great,1
NJ,I just donâ€™t understand this insomnia bullshit. Like how long before I become an actual Zombie? Smh #sotired #day2nosleep (well barely),-1
MI,iâ€™m finally going to begin to do whatâ€™s right for me. iâ€™m going to make myself happy and iâ€™m going to stop worryingâ€¦ https://t.co/Kzq4BlZOnO,1
WI,Seems to me these are the same old recycled tweets. Anyone else see this?,0
NY,this what happens when ya bestfriends with 6ix9ine the pedophile ğŸ¤·ğŸ¼â€â™‚ï¸ğŸ¤·ğŸ¼â€â™‚ï¸,0
MA,@ibrayner_  this was you like last year LMAO,0
AZ,Ignorant thoughts and opinions from people far removed from a situation make my head explode #stayinyourlane,0
CA,I wonder what @algreen is going to be up to this weekend..,0
MO,@Kaaayluuh Iâ€™m honestly trolling LMAOO,0
MO,Where the turtles at ? I need a drink,0
AR,@AirCanada Iâ€™m waiting for the claim email. This really messes things up for me every time it happens to me.  I losâ€¦ https://t.co/0zJlpYRaL0,-1
TX,"Arrived safely - with family @ Fort Worth, Texas https://t.co/MdqJrQxdco",1
NV,@JRubinBlogger TOO LATE,-1
TX,What did you say lmao,0
IL,Sometimes the best memories are made when you canâ€™t take pictures,0
WA,So sad we are back to short days ğŸ˜©ğŸ’”,-1
KY,Very thankful for my fucking friends. Thanks for getting me through this shitty ass week. https://t.co/iRLkuqIUWV,1
NY,So I'm thinking Tiffany and Barron are the only trumps who end up free citizens,0
HI,My favorite part of getting a massage is at the end when the therapist basically tells me I have early onset rigorâ€¦ https://t.co/ho0GDd99rK,0
CA,#artemixez #beachlife #momsbday #sandwritting #malibu #malibubeach yes I got this on video too! And my shoes got weâ€¦ https://t.co/IlGZ5Vmopz,0
NY,like a band of Gypsies ***,0
TX,@yseldaaa love you more yselda ğŸ˜â¤ï¸â¤ï¸,1
TX,I tried in n out and Vegas and it was good. Hyped af but good,1
AL,@CodieneTheDream you on now?,0
OK,Absolutely terrifying,-1
TX,"We lose interest in freaks quick, especially if the energy ainâ€™t right... #NoHardFeelings #ProtectingOurVibe",-1
CA,@YoungBridge Cam get outta here ğŸ˜­ğŸ˜­ğŸ˜­,0
CA,when someone tries opening up to you,0
CA,"#themanhattans #OG #lacountyfair #lacf2018 #fairkicks #route66 #endofsummerconcertseries #CaliLife w/ #auntSandy, gâ€¦ https://t.co/QPKzI1ffzs",0
PA,Lemme finish watching Luke cage on Netflix,0
AZ,okay maybe i want a boyfriend but only a little,0
TX,A simple favor was sooo good yâ€™all need to watch it,1
CA,"@NewMoonGirls Thank you ğŸ™ your blog is pretty great, too. so happy you like my work!",1
NY,"IM LONG NAILS DEPRIVED ğŸ˜¢ im hurtin, hurtin bad",-1
CA,@KassyDillon Are we still talking about the cactus ?,0
CA,Maaaan somebody trying to get you killed.,-1
TX,had the most heart to heart conversation today and ive been off balanced ever since.,1
FL,"#bakedapplesğŸ #organic #sweetreggaemusic  how much better can u get, now all we need is some #icecream @ Molino, Flâ€¦ https://t.co/bHTBgaH3wD",0
WA,Correction final with Fife 43-0. #wafbscores,1
IL,@Tramyers_NHL Tracey when are the hawks going to announce Coreyâ€™s retirement itâ€™s time !,0
NM,@deadlee2213 Oh man. I cut into that with a fork and melted cheese &amp; meat juice (high quality fat) just came oozingâ€¦ https://t.co/WjpXpNQ2Q5,0
CA,itâ€™s Almost Time ! â°#soccersunday âš½ï¸ is upon US ... make sure you are registered on both platforms - and paid up -â€¦ https://t.co/AL05KrRIrx,0
TN,C'mon @SJMRacing17  team you gotta get @Haudenschild_R @Haudenschild_17  back out there if en if he wont finish inâ€¦ https://t.co/Ea8V8TBbM1,0
CA,and take another shot every time u see them damn filas.,-1
FL,I support him,1
NY,Punish Mom Accused of Letting Son Run Over Cats With Car https://t.co/GnbzuX6Q60,-1
TX,'They Are Really God's' By Antuan Simmons. #god #history #ancienthistory #oldhistory #historybooks #historicalâ€¦ https://t.co/7JuDcBq8ze,-1
NC,-:RIGHT !! OR SAYING â€œITS JUST A CATEGORY 1â€ OBVIOUSLY A CATEGORY ONE CAN STILL DO DAMAGE IF OUR CITY IS SUFFERING.â€¦ https://t.co/4MVbR9u4me,0
NV,@nnyve Same,0
IL,Pree sleep ğŸ˜‚ğŸ˜‚ allat hyping hisself up ğŸ˜‚ğŸ˜­ğŸ˜‚ğŸ˜‚ğŸ˜‚ğŸ˜‚ğŸ˜‚ğŸ˜‚ğŸ˜‚ğŸ˜­ğŸ˜‚ğŸ˜‚ğŸ˜‚,0
AZ,He is tho,0
TX,Iâ€™ve given u time Iâ€™ve given u space still canâ€™t believe Iâ€™d do me this way,0
TX,kick her to da curb,0
MA,@hansonmusic @zachansonmusic taylorhanson @CIsaacHanson amazing show at @thebigefair (and I especially love the secâ€¦ https://t.co/uq1pRoJ9jY,0
MI,Imma sleep good tonight.,1
GA,I miss my gf,-1
NH,"I hope NC doesn't sink into the sea, I love that state, it's so pretty and the weather is nice",1
CA,"@_KimChanel_ ğŸ˜‚ğŸ˜‚ I know, I gotta deal with @Scott_CEOofSUH calling me old all the time, I'm used to it lol",0
ME,so wait.... this person is saying bill and hill should have had an abortion because he disagrees with chelseaâ€™s supâ€¦ https://t.co/9iTdV7thMC,-1
PA,I canâ€™t sleep,-1
CA,okay baby fever is real and i am not prepared for one so let me stop myself ğŸ˜©,-1
PA,@ALDNY23 @rheffPSD @BrianGilbert09 @PSDAthletics @dvholmespalisd Is this an exclusive one-on-one??? Impressive.,0
TX,patience on -100,0
CA,Fourth quarter just getting started and up 20-10. Lots of great effort on the gridiron tonight! ğŸ’™ğŸˆâ¤ï¸,0
CA,@DerickPauls Good morning Derick! Enjoy your day â˜€ï¸ğŸŒŠğŸŒˆğŸŒºğŸŒ´ Bedtime for me ğŸ˜´,1
CA,#OutOnTheMountain #SixFlags #GayDays #Boyfriends @ Six Flags Magic Mountain https://t.co/bSTVBbJrp4,0
CA,5 Touchdowns in the first half by Donovan Ferguson tonight ties a School record. @AVSunDevilFB is rolling and DFergâ€¦ https://t.co/Cy7nrIMnyN,0
VA,"@onlybtobforme I just read the English translation on twitter rts. I just know Melody and Yejiapsa. ğŸ˜‚ 
Yess. He's sâ€¦ https://t.co/xMZKjzuqsU",0
CA,Sad but true,-1
TX,Not sure any of us are ready for this. #Trojan4life #FightOnâœŒğŸ½,0
WA,When and where?,0
NC,@dancekotadance U r welcome,1
CA,@SplatoonNews Aaaah! My taste in fashion changes as often as my food cravings (which is constantly!) What to choose...,0
NJ,@ Whippany,0
CA,"Stay with what you do best. Read some else's words. This president has done more for this country, in a year than Oâ€¦ https://t.co/L593TuOAn3",1
TX,@alyboo315 @krassenstein @ohbekaybe @realDonaldTrump @Nike @Kaepernick7 Good for you! https://t.co/feflCbAco2,1
WA,I'm convinced at this point that I have no friends and no one cares.,-1
LA,real life just pissed me off.,-1
IL,I feel personally attacked,-1
CA,"â€œWaverly Earp, you sweet Little lesbian, you did itâ€ 

If yâ€™all arenâ€™t watching #WynonnaEarp do you just hate happiâ€¦ https://t.co/9ZA27n5wc8",-1
IL,Raisin Bran crunch is that bitch lmao i LOVE it.,1
NY,this is the lowest iâ€™ve been,-1
CT,@realDonaldTrump Just how putrid is your soul?,0
OK,"@realDonaldTrump @maryannminnich1 'AMERICA LIVES IN US'

https://t.co/QCv5nuKD5x",0
IL,I want to rock a little red dress. Skin fucking tight.,-1
GA,where were YOU when you first realized that brooch is pronounced broach (and also did it happen when you were talkiâ€¦ https://t.co/g3GguCm9Tk,0
TX,"The Italians form is straight trash, man.",-1
MI,@mulanileah ğŸ˜‚ MOOD sis,0
TX,Does my music taste suck or am I the only one who doesnâ€™t understand why people hate on Russ so much? :(,-1
AZ,"This is for the Renegades who inspire me...The Kings and Queens who dare to dream: Bradley Cooper, @gypsyneonqueenâ€¦ https://t.co/42p4GLXc6a",1
NC,Whew she is so miserable.,-1
CA,"@realDonaldTrump @IngrahamAngle I bet youâ€™ve been to all 77 states, right?",0
TX,"Come rain or come shine, we always come as Bobcats!!! Thanks @OurCelina! ğŸ§¡ https://t.co/dYZ4p8kBuH",1
TN,@kmariah_ You not even lit ğŸ™„,0
LA,Bad lil ting https://t.co/CYEenl7RIj,-1
TX,when will my hair STOP FALLING ???? #postpartum  someone plz send help ğŸ˜­,-1
CA,@DSimonMD @dmjay @madfriars @DavidAltonDodd Iâ€™d highly doubt it. Never been.,-1
MD,i canâ€™t help but run back wayne verse after jay-z on Mr. Carter everytime,0
TX,"Oh, if yâ€™all go to her, tell her I referred you :) she also happens to be cool af. ğŸ’•",1
TX,BothğŸ¤•,0
TX,I freaking love my friends â™¥ï¸,1
WA,@ViirajTTV Aight,0
WI,"@AnnVanderMeer FFS, where were you today??",0
CA,Thank god I drank before coming to LAX. I just wanna pass out on this red eye flight lmao,1
AZ,But fr I wanna die.,-1
PA,Third pic cute af. Thanks dawg âœŠğŸ»ğŸ’™,0
OH,I hate girls like this with a passion.,-1
MO,"All the kids did amazing! I love how supportive they are of each other. 
#besttimeyet #tenacityâ€¦ https://t.co/23dvzwLNSd",1
CA,"Just had dinner with a friend whoâ€™s paying $7,000 a month for his apartment here in SF. Thatâ€™s insane. Luckily he has 2 roommates but still.",0
IN,when you meet his parents and he says they like you https://t.co/Lom2lqKsUe,0
MN,Why am I watching @MayansMC?,0
CA,Got his ass. Gotdamn emğŸ”Š,-1
TX,@fauxrealdoe Exhaust ğŸ¤­,0
NV,That sex you have with ya boo when you havenâ€™t seen them in a while&gt;&gt;&gt;,0
PA,Fueling the fire until we combust,1
CA,@kydizzel @smittyboy21 Pug hair or chest hair?!,0
WA,"I'm pretty sure if i collapsed and died in the middle of work, they'd still expect me to work",-1
MI,"And for the first time in my life, my diet doesnâ€™t have ANYTHING to do with whatâ€™s going on in my life.",0
CA,I donâ€™t work until 5:30 tomorrow sooo ğŸ˜Š,0
TX,@2orre Yeth,0
CA,"Yikes! Such a #vintage packed weekend - these two events didnâ€™t even make it onto our LA Flea Calendar! 
Luckily, oâ€¦ https://t.co/XQusAExNyY",0
IL,If I didnâ€™t have a career working 12 hr shifts 6 days a week Iâ€™d be out a lot too... #ImAHustler #HardWorkPays,0
SC,So Iâ€™m just realizing how absolutely fucking iconic Nelly Furtado is. Like good lord.,-1
GA,#RamirezOrozco was truly a war. Incredible fight. Unreal how Orozco hung in. I want to see Ramirez on a PPV card. @trboxing,0
CA,just finished this bottle of jameson. tonight gon be something else,0
CA,"Dear @realDonaldTrump, just shhh...I donâ€™t wish you ill, but please just stop. Itâ€™s not funny or cute anymore. I knâ€¦ https://t.co/IWguy45WjE",-1
AZ,"I'm at Main Gate Village Apartments - @maingateaptsaz in Tucson, AZ https://t.co/Q7Tmskflpw",0
IN,"@NPRinskeep OH GEE, SOMEMORE FAKE NEWS. LYUNG .SO.B'S PATHOLOGICAL LIARS IN THE NEWS MEFIA RAGS. I BORROW MY FRIENDâ€¦ https://t.co/H6fWSCzjOU",0
TX,"'highway' is now trending in #Houston

https://t.co/Og6OTkPn7C https://t.co/JLWoI7ENq8",0
CA,When are you and your brother @MrDrewScott coming back to Sacramento? I was unable to make it to your last book sigâ€¦ https://t.co/cmlc130Yhx,0
NJ,@MisterMurica @Public_Citizen @MoveOn @MarchForTruth17 @TheLoyalO @NormEisen @StollmeyerEU @benwikler @LOLGOPâ€¦ https://t.co/mYeCc8ckPZ,0
NY,If you dont think tlop is a 10/10 album then you shpuld seek mental help,0
TX,"i havenâ€™t been this happy in a long ass time, im lovin every second of it",1
PA,this song has relieved so much stress for me over the past couple years. listened to it almost religiously every frâ€¦ https://t.co/ngmx4auACc,1
TX,Idk why they tryna play me,0
TN,@kellie_priceles Happy Belated Mama,1
OR,One of my people proposed to his boyfriend today and he said yes! ğŸ˜ğŸ˜,1
TX,i love jason derulo with my entire heart,1
CA,Homie this is Young Sinatra at his fucking finest,-1
CA,"I'm in the mix tonight! Check out @MatthewkGrace tomorrow night!
ğŸ’²NO COVER CHARGEğŸ’² 
ğŸŒ®CATERING by ElTaco LocoğŸŒ®
ğŸ±3 POâ€¦ https://t.co/2HRPAgocTE",0
NY,Wack,0
TX,I NEED IT ğŸ˜­,0
TX,#wellacreate #newred #red #purple. @ Spivey Lane Salon https://t.co/hAWyaK9EEk,0
TX,@E_iversonii @TheRickWilson Clearly we understand that polls donâ€™t mean ish at this point.,0
TX,Where all my percussion people atğŸ˜‚,0
OH,@Chris_Warhol I gotchu. And Iâ€™m rooting for spurs tomorrow morning,0
TX,Bro I have the cleanest yeroc merch idea ğŸ˜­ who tryna make this gwap with me ğŸ˜­ğŸ˜­ğŸ˜­ğŸ˜©,0
TX,Lmao bet ğŸ‘ğŸ½,0
FL,@DrBobjk @Mediaite What founding fathersâ€™ statues are you talking about?,0
CA,"@jlist Funny that you mentioned it. I'm actually binging through both seasons right now!

I love seeing Hotaru getâ€¦ https://t.co/SNkCsrSEyk",1
AZ,Itâ€™s still hot asf in this house,0
VA,@1600Deee ğŸ˜‚ğŸ˜‚ğŸ˜‚ her ass burnt,0
TX,Iâ€™m in GGGâ€™s corner! #Ã‰chaleGanasGGG! Claim your corner and @tecate will send you a reminder to tune-in with the ofâ€¦ https://t.co/97atBXNDEO,0
NY,Me when I go to the mall for one thing and walk out with an empty wallet,0
CA,Exactly the same reason ğŸ™ŒğŸ¼ ashevat,0
CA,"@GratwickProdInc Sheâ€™s so brave to tell her story. Why didnâ€™t she come forward 20, 15, 10 years ago? Why now?",0
IL,I mean the rapper....I mean the sad one....damn I mean the Canadian DrakeğŸ¤¦ğŸ½â€â™€ï¸,-1
TN,Now a nigga wanna do all this blocking and shit on me Iâ€™m with all that ğŸ¤£,-1
CA,This is sooooo @JimmieJohnson https://t.co/KZX8zQ6vrg,0
CA,Werking dat #fendi face/ #fubu booty @thr @sagaftra #emmy Nominee Party! @ Avra Beverly Hills https://t.co/OVplQ0ET3Z,0
IL,Iâ€™ve never craved sweets more than I do rn,0
IL,"@CNN You forgot the word â€œillegalâ€, thatâ€™s what they are just tell the freaking truth!! More poor reporting!!!@cnn #cnnsucks",0
TX,@madddie_af Hate that hoe,-1
NC,I got rank on my name.,0
CA,@TheBonfireSXM  @DanSoder @bigjayoakerson  you gotta take over SiriusXM building and break down the stairs so zombiâ€¦ https://t.co/7n6jJvGGEX,0
NJ,My guy @byronship23,0
IL,Like donâ€™t get me wrong Iâ€™m a dedicated manhattanite as much as the next person but if I had stayed longer I wouldnâ€™t be probably,0
FL,"@greenpeeps5 @DanRather I feel that saying I used to hear as a kid is pretty fitting. Tell me who your friends are,â€¦ https://t.co/FLV1pSInrU",0
MT,Rachel Bay on predicting genomic vulnerability to climate change. #congen18 https://t.co/cZFXChjsE9,0
FL,"@rachel7remnant @yeshua_porvida @DrawesomeStudio Way cool!!! I had one even a few years ago, and oh my word, did thâ€¦ https://t.co/076orUV4IV",0
CA,"seasonal changes are the worst for me my skin and skin conditions act up, my face is literally burning it hurts so bad",-1
LA,My hair growin &amp; idk what to do wit it,0
TX,niggas be acting like bitches itâ€™s hectic ğŸ™„,-1
NJ,I like how #Orozco is trending ğŸ˜,1
CA,Senior year as in ... last movie ? ğŸ˜¢,0
WA,Chocolate ainâ€™t ever disappoint me ğŸ¤¤,1
NE,This melts my heart,0
NV,"Day 7 
When I come to the end of my rope, god is there to take over. 
Hebrews 13:5",1
CA,"Just laughed out loud. I know if we were in the same room, we would be immediate friends, even though I might be laâ€¦ https://t.co/gRUCP9enZs",1
TX,Me after listening to Nicki Minaj 737292726 times &amp; the word play hits me https://t.co/OPfG62inuG,0
WA,@jodackblack â€œYOU CAN USE MY OFFICE AND AFTERWARDS MAYBE WE CAN GO TO LUNCHâ€ https://t.co/kgiUk7xCck,0
TX,@meghanflood_ in my car 100% of the time,0
CA,Bring Tila Tequila back,0
CA,As I age this is my perspectives,0
KY,The Mueller Investigation Is Sending People to Jail - But Not For Collusion - https://t.co/0bVD9wodtP,0
CA,I can get you when I want,0
CA,I took my screen protector off. Iâ€™m very vulnerable right now.,0
CA,@worldrhinogroup u are the best!!!,1
MI,TERRIFYING,-1
CA,@janyuhh Felt good to scream like that lowkey itâ€™s been a while ğŸ¤­ğŸ˜‚ğŸ˜‚ğŸ˜‚,1
IA,@JamesGlaub JOEY FRESHWATER  MOBILE. STILL PICKING UP FLORIDA COLLEGE CHICKS,0
NE,WE GOT ROOM FOR 2 MORE,0
PA,My birthday 2 weeks away,0
HI,"Funny, now they barely knew the guy! Paul who?",0
SC,@XNicoleAnistonX Damn that was a site loved it Nicole. Made my day waiting on this stupid hurricane to roll through,-1
TN,@ScottPresler Retweeted despite inability to open the original posting.,0
WV,@lishx0_ Aye donâ€™t put that on me ğŸ™…ğŸ¾â€â™‚ï¸,0
TX,Me to my bestie: â€œjust cause all my boy band favorites are married doesnâ€™t mean I still donâ€™t want to look good for them.â€,1
CA,And said â€œthis is the greatest day ever. Thank you masâ€ I then noticed my name tag was on backwards. I ruined a greâ€¦ https://t.co/wTJ4nt2sgu,1
CA,"Parker Curry in the game for the final out of the Cal League Championship. 

ONE MORE OUT

LISTEN: https://t.co/BvAbjuOhhB",0
TX,My man is so handsome ugh I love him ğŸ¤¤,1
NY,@playbiII O boy,0
TX,The cure for any illness. #mexicancure https://t.co/83oe67q00f,0
AL,Just burnt the piss out of my leg cause I dropped fresh outta the microwave stouffers stuffed peppers on it yay,0
TX,"Iâ€™m no expert, but that looks like amazing form.",1
IN,Cuttttty,0
CA,Who wants to visit me in NoHo??!!!,0
MO,@ByuliMae @alllibertynews @KatyOldenburg @GOP @LPNational I understand that you don't care about anything that tranâ€¦ https://t.co/9je1RVYlUz,0
TX,"Happy birthday to my brotha mane, turn up for meğŸ’¯ enjoy your day and also enjoy being 2ï¸âƒ£1ï¸âƒ£ love you bro ğŸ’‰â€¦ https://t.co/VfPQHgacg0",1
OH,It's one of those days where I eat so much that it hurts ğŸ™ƒ,0
NY,Youâ€™re not allowed to write about A Star Is Born unless you acknowledged that â€œA-YOâ€ was a bop in 2016,0
OH,Chilling. Vibing to some chill music after a good meal and smoking.,0
GA,mmmm.....seems you must know another Booker because definitely did not describe Booker from NJ!,0
IL,Iâ€™m 34 and Iâ€™ve eaten more Taco Bell this year than every other year combined. I moved to the suburbs. And Korn is still the best band ever.,1
IL,@DrArthurJay @JennyENicholson It'd just be her and Lindsay Ellis descending into more and more inside jokes dressedâ€¦ https://t.co/kdHZEqr7dj,0
NJ,@Slick_Teddy EXACTLY,0
TX,I adore my partner so much. so so much,1
TX,Iâ€™m in GGGâ€™s corner! #Ã‰chaleGanasGGG! Claim your corner and @tecate will send you a reminder to tune-in with the ofâ€¦ https://t.co/5FH4mogjri,0
MI,When your roomie lets you wear her oversized Nike T-shirtâ€™s â¤ï¸ #blessed @anna_kaylee18,0
GA,Okay lemme start on my hair bye yâ€™all lmao.,0
TX,Bro why i always gotta have an ulterior motive???,0
CA,@heckhammer I had to actually go to his page to see if this was the real Dr Phil account. Holy shit.,-1
TX,Iâ€™m getting the flu I think holy shit I just slept for 8 hours during the day and am freezing cold ğŸ˜©ğŸ‘ğŸ»ğŸ’¯,-1
AL,JackğŸ‘€ğŸ‘¹ğŸ–¤,0
OR,I have the worst luck. ğŸ˜‚ #IJustWantToShower,-1
NV,They already got money at LSU,0
MN,@QueenJaaaaaaaay Right they gone see my face everyday on da snap. ğŸ˜‚,0
MS,Thank you bruddah,1
AZ,"I swear , most of the nigga I know that tweets like there w the shits is really pussssy in real life lol.",-1
AZ,@BillKristol Is that rhetorical?,0
PA,@6LACK u did it again,0
CA,@JeremyOberstein @metrolosangeles I think itâ€™s pretty brilliant.,1
TX,@lorenzoburnett1 What a creep!!!,-1
NV,Trying not to thinking about you and act like I donâ€™t want you no more but deep down inside all that shit is a lie.â€¦ https://t.co/JAJDFMmRN0,0
CA,You're gonna think I'm crazy but I think you got enough time to delete this,0
GA,"Yo you smokin tonite? If so, check in...
#whatyousmoking #cigarchoice #ilovecigars #cigarsaremylifeâ€¦ https://t.co/EZSXKVI8Io",0
TX,@admiral_pizza Mild,0
TN,Pray for Florence I have family there ğŸ˜­ğŸ¤ğŸ½,1
CA,Matt Easton - Roy G.  Rainbows https://t.co/pKvY5LYPDV via @YouTube this shit hard @MattEastonMusic,0
MI,Third GYM TIME! https://t.co/OnhEHgBNdc,0
MN,@the_snead Word Up!  #CherryCoke,0
CA,@ABall42 10/12 I believe,0
PA,I donâ€™t know what to do now that we canâ€™t find who is in the photos this guy who is dming me on IG is using and I hâ€¦ https://t.co/SAJBhKeK12,0
AZ,@sebrinarianne happy birthday pretty girl ğŸ˜˜,1
ME,"May God bless and keep you always
 May your wishes all come true
 May you always do for others
And let others do foâ€¦ https://t.co/QqYi0sddzt",1
CA,"My best @AHSFX #AHSApocalypse theory. #AHSFX fans all love to speculate ğŸ˜„
I have been right before! Evidence to folâ€¦ https://t.co/W47sqs3Fsb",1
AZ,a bitch is a lil thick but thatâ€™s ok,-1
CA,ok but why is my stomach upset,-1
NC,"At 9:30 PM EDT, 1 W Princeton [Johnston Co, NC] EMERGENCY MNGR reports FLASH FLOOD. PROGRESSIVE CHURCH RD WASHED OUâ€¦ https://t.co/7vDonRTg9Y",0
WI,Ope I'm 30,0
CA,"@Zack52_ Youâ€™re right , fuck it ima OD",-1
AR,@WriteGrlProbs @OrwellNGoode Searched for this reply. Found it. Hearted it.,0
NJ,"Thinking be the heaviest at night. Just running through all at once. Please somer down, I should be sleep at this hour.",-1
IN,iâ€™m 2 much for these niggas and 3 much for these hoesğŸ˜›,0
CA,I went into the bathroom to do my hair earlier today and grabbed my razor and toothpaste.....thatâ€™s how my week is going,0
NJ,@thehill Ugh. Not again.,0
CA,Me Af,0
IL,hereâ€™s a video of me seeing a pig at riot fest and almost crying https://t.co/95jOC89cVD,0
MS,I really need someone right now.,-1
MA,Today I ate my weight in donuts #livingmybestlife,-1
LA,Itâ€™s a look https://t.co/KUpeZR8Arc,0
TX,@denise_moreno17 love you ğŸ˜â¤ï¸,1
CA,I rode that @TeamBandL lemon ğŸ‹ at @HARDFEST and discovered that wonder ğŸ™ŒğŸ» ITS FUCKING AWESOME,0
IL,My washed friends and I are out after midnight.,0
FL,@SaraSwift22 Google Petrodollar. To understand why everyone takes the dollar. China &amp; Russia trying to undo deal. Oâ€¦ https://t.co/2l4mxgLgXW,0
NV,She said daddy ate her to sleep .. I did ğŸ˜…,0
TX,did I miss ? ğŸ§,0
TX,@Dee_TNKfire Happy birthday Darrius!!!!ğŸ˜ğŸŠğŸ‰ğŸğŸ‚ğŸˆ,1
CA,Cause the crumbs ğŸ˜‚ğŸ˜‚ğŸ˜‚,0
CT,@jimmeraz *Blocked*,0
NJ,@HollyHo05044247 Goodnight Commander. Have a goodnight Holly and a nice weekend. See you Sunday Commander. PALL ğŸ––ğŸ»,1
TX,shut up before I kiss u https://t.co/a6y2uL6e1A,0
AR,"The ALIKAT Cafe : September 14, 2018 work Experience https://t.co/ieBqBd2AZF one of the things I get to do is be aâ€¦ https://t.co/Q1mqVKBe55",0
MA,i turned on the TV and Ted was playing. featuring mark wahlberg. and honestly i wasnt even surprised. #boston,0
TX,@Nas happy birthday yo,1
CA,guess i had a photo shoot outside w myself this morning https://t.co/ACVTcFjrTQ,0
CA,"You know when something happens in your childhood that hurts, you remember it in detail? My mom is really trying toâ€¦ https://t.co/9RGg5gnN4h",-1
CA,This isn't funny ğŸ˜…ğŸ˜…ğŸ˜…,-1
OR,Friday night = ice cream night.  #phishfood https://t.co/2igX25A9g1,1
TX,I really wasted the last year of my life ğŸ¤’,-1
OR,"Sleep is overrated as hell, mfs be out here wasting so much of their time lmao",-1
MS,@sipmarion Gone run me that,0
AZ,"Texas State Board of Education is turning @HillaryClinton into Obi-Wan Kenobi: ""If youÂ strike me down, I shall becoâ€¦ https://t.co/ohoDrB0umX",0
GA,@HPicchione @parscale @EricTrump @realDonaldTrump No kidding! EEEEW!,0
WV,Never can sleep the night before a game ğŸ˜‘,0
LA,@princesspagne happy birthday girl !!,1
CA,Congrats @HelixFootball on a Big WIN knocking off previously undefeated #4 St Augustine. Scottieâ€™s  are still fighting!! #BattleTested,1
MN,cinnamon toast crunch might be my favorite food ngl,1
AZ,@SDES17 I send Rachel Demita for your birthday https://t.co/eWgLuH9VuC,1
CA,why am I tempted to fuck around and go get like 49373838 piercings  heLp,-1
NE,One day i wanna dance like Micheal Dameski hes honestly the best male dancer ive seen,1
CA,@Quickieleaks In Pakistan the foreign policy decisions making powers lies in GHQ not at foreign ministry.,0
NY,"@InvasorZim5 Havenâ€™t heard his name come up. But heâ€™d be a cool choice, too.

Iâ€™ve interviewed him, though, and I câ€¦ https://t.co/WnMF65X8c4",0
FL,Dawg. Iâ€™m really dope.,-1
MI,the image that singlehandedly killed me ğŸ˜­ğŸ˜­ğŸ˜­ https://t.co/MqvsXeTHkl,-1
FL,Omg thanks I needed new ones,0
GA,All smiles on deck with the positive vibe crew in venicini_im_da_gr8_1 's pop up at Wildpitch! ğŸ˜ #housemusicâ€¦ https://t.co/ppcUH23dmO,0
CA,michael dameski doesnâ€™t win #worldofdance then jensen arnold doesnâ€™t win #sytycd why do i watch these shows they make me so mad ğŸ¤¬,-1
TX,Who tryna uber eats me out,0
TX,@haileybassxx imy halesâ¤ï¸,0
TX,@myrkitty Actually itâ€™s Texas so... https://t.co/NIEJQVutL8,0
NV,"Every time I read about these innocent lives that brutally taken away by senseless gun violence, my heart breaks .â€¦ https://t.co/IYlSFi0pk6",-1
LA,@AndrewAstor @j3lly_R6 @laman2468 Iâ€™m on BO4 right now. But if I hop on yeah.,0
CA,And A Big Congratulations to the Nature Boy Ric Flair for saying I WHOO (I Do) to his lovely New Bride and Long Timâ€¦ https://t.co/nXgovMlTFG,1
OK,DUMBS https://t.co/TFIkatrSeE,-1
PA,"Donald Trumpâ€™s day so far:

- Paul Manafort pleads guilty, agrees to cooperate against everyone
- Robert Mueller wiâ€¦ https://t.co/BSwLcGGmjY",0
MS,"*looking at a picture of ryan from college*

me: what year was that? 2014?
ryan: idk, let me see where my hairline was",0
CA,wow i miss having a disney pass ğŸ˜ª,0
OR,@IZarov @tribelaw Dreamer,0
HI,@LexceeS his face though ğŸ˜‚ğŸ˜‚ğŸ˜‚ğŸ˜‚ğŸ˜‚,0
TX,Best gift in the world #superman #furyus #dccomics #manofsteel #krypton #superhero #leather #jacket #modelâ€¦ https://t.co/BD5I2OXGut,1
TX,@bricobos1 is this you?,0
MO,The man donâ€™t kid! @JonathanCochrum https://t.co/d31LuFuqh4,0
CO,@RealMuckmaker Nothing personal; just business. https://t.co/4AdbOkzALo,0
MA,"@AshantiGholar @AyannaPressley On every issue, on every fight, @JanetMillsforME has been leading the way. This isnâ€™â€¦ https://t.co/Ky8UgSu4Yd",0
CA,"@notcomf ğŸ’– Fiiiiiiiiiiiiiiine, goodnight mommy.",0
CA,When you know youâ€™re gonna die but the enchiladas were fire,0
CA,@dFr2 How long you in town for?,0
IL,"@HollyAnderson Tried reading your tweet aloud to the GF and she yelled â€œFrancisâ€ before I even finished. So, uh, chapeaux.",-1
WA,@c_v Heâ€™s a Foo fan? We are going to get along just great,1
OR,Ignorance in education,0
CA,@Iivid @OmgItsLuiz @kkharris_ Wait hello?,0
VA,@jamiebadu We gotta link during homecoming ğŸ˜›,0
CA,Wow itâ€™s crazy I got hired to work at Clovis unified school districts today!,1
CA,I donâ€™t understand why Tweets are delegated so quickly. Would someone please â€˜splain it to meğŸ˜œ,0
NV,@gtconway3d Scary.,-1
KY,Iâ€™m sure PLENTY of fake people would say this. But I seriously hope my true like 3 friends would call all yâ€™all out,0
MI,"I was just a girls first â€œgirl on girlâ€ kiss, in front of her boyfriend. I need to go home instead of being in these shenanigans",0
OH,ğŸ’šğŸ’šğŸ’š I love you,1
CA,Just had amazing sex and now passing out. Goodnight world ğŸŒ,1
TX,they be treating dream like the stepchild ğŸ˜‚,-1
MA,@torybelle27 come home soul sis https://t.co/3fqjGs4RAN,0
UT,"@brianefallon Which is exactly what happened to Anita Hill. 

BTW, @JoeBiden 
Still waiting for your public apologyâ€¦ https://t.co/5HhlsHStEI",0
CA,Ya llego la Gran Movida De Arte de Los Angeles Hollywood!!! shortnsweethollywoodtf #theatre #hollywood #festivalâ€¦ https://t.co/CeiGJp8IEX,0
NC,Like I said before most of these Eminem bars sound like break room jokes and terrible attempts at being witty and subpar wordplay,0
LA,wellll im proud of me. ima just put that out there.,1
MA,"Iâ€™ve felt really unpretty, today, inside &amp; out. ğŸ˜’",-1
NY,if she go to a state school her pussy trash !,0
MO,Waiting for Emâ€™s response was sooooo worth it Iâ€™m telling you ğŸ˜,-1
CA,@jimmdottt cuuute,1
OH,All my problems are going to soon end.,0
OH,So I got broken up with for a dim ass reason but Iâ€™m Gucci....I have to cater to everyone but nobody caters to me,-1
PA,reminder i take ref sheet commissions,0
FL,"*me and gizz look at this picture*
gizz â€œlook like that thing off that one movieâ€
me â€œhow to train your dragon?â€
giâ€¦ https://t.co/GXIViiaRkf",0
TX,@creator_cj @JimCarrey Trump is dumb and dumber,-1
MA,"Incompetence is not magic,",0
CA,"@CindyVFit4ever Yeah itâ€™s on my 
Ig",0
IN,"@JustBrianna__ So itâ€™s like THAT, fine lmao",1
LA,@KGlizzyInnaCut I said their the only ones that said that they wish their biological hair was like mine,0
IL,"My boyfriend, pouring water into my mouth: Iâ€™m watering my girlfriend",0
CA,"Comedy! Is that why Obama sent 1.7 billion to Iran? Or is that why his College years are sealed, Geography can be aâ€¦ https://t.co/wOO2b5LIoz",0
TN,REO Speedwagon - Time for Me to Fly https://t.co/JyZ0G9Gz2h via @YouTube.  Who needs relationship counseling when yâ€¦ https://t.co/phVtbYDrbK,0
WA,"â€œJust think about it, like, what might this life be like if we put our pride to the side and let love lead the wayâ€ @6LACK ğŸ–¤",1
MD,@Brahim_Athie @50cent @Eminem Obviously u aint listening to the lyrics @Brahim_Athie. Im.guessing you in your earlyâ€¦ https://t.co/cKkPgvqsdZ,0
VT,@Mookyluv2 @lynda424200 list their @name.   so we ca n tell who u r talkin bout yo,0
CA,@unknownlawkid workin yo bitch ass off do tho,0
VT,@Mookyluv2 @lynda424200 list their @name.   so we ca n tell who u r talkin bout yo,0
OH,"@ryan_kelly70 how many times I been sayin dis ğŸ’ğŸ¼â€â™€ï¸ğŸ˜¹ğŸ˜¹ğŸ˜¹ PS keep em coming, lunchmeat",0
CA,"Who wanna play the Black Out Beta
ON. XBOX ?? 
Add me:
@ johnpeterswag",0
TX,THANKS FOR RIPPING MY EYELASH OFF AFTER PROM &lt;3 https://t.co/xunFluCIJU,1
CA,@PrettyBoyViews ğŸ˜‚ğŸ˜‚ğŸ˜‚ Iâ€™m turning into a native ğŸ¤¦ğŸ½â€â™‚ï¸,0
UT,@_mariocarrillo_ @parscale @EricTrump @realDonaldTrump THEY HATE YOU ALL . THEY KNOW YOUR TRAITORS.,0
WA,@Becca_Durrr I got that on my ankle,0
TX,"I donâ€™t even wanna think about that right now letâ€™s get too high, reach a new highğŸ¶",0
NY,"For first time since 2010, Americaâ€™s progress on health insurance stalls https://t.co/OqpPyIpqzB?",0
FL,@860Slick Right lmao she starting calling you all types of shit for no reason lmao Iâ€™m dead,0
CA,Our live DJ will be here all night featuring music from the 90s up to todayâ€™s hits! See you there! #plankoakland @â€¦ https://t.co/ngBUrd1NJV,0
CA,Just got home from seeing #TheSpyWhoDumpedMe at the bargain theater. Hysterical! My stomach hurt from laughing. Lovâ€¦ https://t.co/aR9Hvf2M4J,1
TX,â¤ï¸â¤ï¸â¤ï¸ğŸ¤ŸğŸ¼ I recognize some faces ğŸ˜#RamFam #abovetheline,0
GA,My niece â˜ºï¸ She makes me so happy,1
GA,@2StrokeTy_ Shut up nigga,-1
CA,This nigga Zilla got theğŸ”¥ğŸ”¥ğŸ”¥ğŸ”¥,-1
TX,thank you caden ğŸ’“ love you!!!,1
NJ,https://t.co/4WC4H97yFq ğŸ›‘MR KAVANUGH SHOULDN'T BE COMFIRM.UNTIL A COMPLETE INVESTIGATION IS DONE.ğŸ›‘EVERY WOMAN SHOULâ€¦ https://t.co/92LZj0oKaK,0
SC,The fact he set his feet after and made a hell of a throw. ğŸ¤¦ğŸ¾â€â™‚ï¸ Wild bro,0
CA,Me high: what if there were pet cats the size of like the largest dog breed. Wouldnâ€™t that be so cool? But like itâ€¦ https://t.co/2KaUFMcSwz,1
AZ,But fr Iâ€™m just Trynna be happy,1
CA,Odd ball out.,0
TX,"@wxwoc Weâ€™re all proud of you, Keya!",1
MI,@James2012 @jaredvc @elusivenews @HealthRanger How do you think I am? Took a nap (donâ€™t judge me you Ageists) now Iâ€¦ https://t.co/H8sd94gTzB,0
CA,@salstrange they used a litter box,0
TX,"@wxwoc Weâ€™re all proud of you, Keya!",1
NJ,Lmfaooo I picture me @SoulAmazing_Kas and @jayno_cap copping an Oz of this shit and acting a fool in our living rooâ€¦ https://t.co/7LooHtC4v0,0
TX,I mean order me food,0
CA,18640 Wells Drive https://t.co/T7Cn2T02Dm,0
IL,"As a relatively novice designer it still blows my mind to see my ideas, Drill, props, etc on the field",0
SC,Wow a lot of my old friends are coming back in my life a little. This is weird,1
MA,@iamleahmason Oooh... you got me. I'm not a Harry Potter person ğŸ™ˆ,0
NJ,3/3 #myttour is over. @Calum5SOS Iâ€™ll miss you buddy,1
IN,btw rutger blows out kansa tomorrow.,0
VA,@MerchBagg You fucked up bro ğŸ˜‚ğŸ˜‚,-1
CA,@DanRather I'm so happy you dropped a Star Wars reference. @HamillHimself would appreciate this!,1
MI,@juansfit Born that way! Lol,0
TX,iâ€™m really in my car alone crying to 6lack,-1
CA,Me looking in the mirror,0
IL,thought I was doing good and somehow Iâ€™m back where I started,0
WV,Birthday Mood,1
CA,deadass cus these influencers canâ€™t pose or walk if their lives depended on it,0
TX,Word!,0
IA,"@nbcdays @DeidreHall Been rough watching storyline this week. Too real, too close to home.",0
OH,@manpreezy_ I gotta flip a couple ounces then imma have to cop,0
NV,@jiggyashley love you bro ğŸ˜¤ you the only one,1
TX,Negative,-1
IA,@BravenakBlog @bubblegenius Hope you feel better soon!!,1
CA,"@kylegriffin1 Hero here: Mazie Hirono, who asked a long line of questions bout Hawaii and ultimately Alaska natives' rights",0
NJ,ğŸ™ƒpatiently waiting,0
CA,Nigga they sell no got dam Cortezâ€™s,0
FL,Magical âœ¨ @ Epcot - Walt Disney World https://t.co/UcmkMS2S6L,0
MA,â€œwhen they sing â€˜tomorrow isâ€™ today itâ€™ll be for real because they literally do only have tomorrowâ€,0
IL,@Sam_not_Samula ILL COME JOIN YOURS,0
AR,Finally see what it means to be living..,1
IN,"Iâ€™m not really taking a poll, but the general consensus was that tonight â€œROCKED!â€ Thanks to all of you that madeâ€¦ https://t.co/WBo8ID9nxq",0
GA,I am humbled and honored to be one of ten 2018 Outstanding Atlanta honorees at tonightâ€™s induction ceremony. Togethâ€¦ https://t.co/zelXVaUq0J,1
IL,If it's your show; why not be the star,0
KS,Thunderbirds even it out at 14 with a QB keeper by Wohler. Halfway through second quarter. #kpz,0
NE,@okiegurl67 Will you message me this please ?,0
SD,@Johnthomp55 It was a goodn,1
CA,Perfect weather for it to be 10 pm. Let the festivities begin! ğŸ’ƒğŸ¾ğŸ’ƒğŸ¾,1
OR,Plus being broke and going on trips is fucking stressful.,-1
CA,@mexmeow Dolls kill!,0
DE,@Can2geterdone @POTUS Long term it will ..I won't but nike product at Christnas,-1
IL,And of course I was repping @TBSOfficial! Their set today RIPPED so blessed to see â€˜em twice this summer,1
SC,Iâ€™m bout to say fuck it and open my windows cause this heat is not cutting it ğŸ˜­,-1
GA,Did I write this or Tiller? ğŸ˜‚ğŸ¯ https://t.co/daEdkLjXub,0
TN,Anyone wanna come over &amp; make a kahoot with me and then we can just play it &amp; eat cereal,1
IA,@RitaWirtz Rock on!!!!!!!!!!!!!!!!!! https://t.co/UALREPIjZA,0
MI,"@gourdnibler Producer: ""  Get out there and make this thing look fierce""

NEW ANCHOR: "" Got it boss I'll use the diâ€¦ https://t.co/HyVQFjq9gO",0
CA,i hate complaining but this shit fucking sucks,-1
MO,Thug and Rich Homie are a undefeated combo ğŸ¦…ğŸğŸ–¤,0
NC,damn iâ€™m hungry as hell i thought this was cookies and cream ice cream ğŸ˜‚,-1
DE,@andylassner Ugh no thanks,0
TX,Do you remember when you joined Twitter? I do! #MyTwitterAnniversary ğŸ˜‚ğŸ¤·ğŸ»â€â™‚ï¸ https://t.co/VMLGaMN9aq,0
IL,Ran to see Liz Phair bc I was late. Screamed along I AM EXTRAORDINARY as I found my spot. Saw Pussy Riot.  Felt claâ€¦ https://t.co/Wgq7O1Jc0x,1
MD,@BB_Updates Christ this looks like a sexual predator picture. The shoe fits though. https://t.co/qQvfP7j1U5,1
CA,@Ali_B_ What do you think about this? https://t.co/u4Hm0NmBDe,0
NC,Pretty sure a French song is playing in atypical. Iâ€™m sold,0
MI,@david_creswell Honestly I donâ€™t need this kind of encouragement ğŸ˜‚,1
IL,Front Bottoms made me think of front shorts for dogs thanks to @BlairBraverman - their music is good but not quite my taste.,1
TX,@TheReal_adam13 @Xbox I have no regrets lol.,1
MS,G O A T,0
TX,If only you knew what im capable of ğŸ¤—,0
CA,sweaty hungover mf,0
IL,Digable Planets were just what I needed to groove and chill for a bit. Then I didnâ€™t want to move and so I discoverâ€¦ https://t.co/M4nOvvGOSa,0
NC,"Definitely shouldn't have reached out to you, but I had to know if you were okay.",-1
NV,"@clarembee @Brandon_R_Young So, so hot",0
FL,@lpphotoandesign @PalmettoRidgeHS Never get tired of this!!  NEVER!!â€™ğŸ˜ğŸ‘ğŸ‘ğŸ‘,1
IL,Wandered for a minute before coming back to the Radicals stage for Cypress Hill. They played Black Sunday. IN REVERâ€¦ https://t.co/uvfPYUywTK,0
AL,"So, this is happening. My very first producing gig. Long night folks, but a little something special on @Patreon inâ€¦ https://t.co/gnkMM7yufu",0
CA,Me when my boo sent me the snap earlier today! We have plans for the fight tomorrow ğŸ˜ğŸ¤¤ğŸ‘…,0
MO,@PeteCarroll Happy 67th Birthday have a great day! https://t.co/dY29I8XPJb,1
PA,@MichaelAvenatti Mueller may get him before you Michael.,0
LA,HE ON HER ASS ğŸ’€ğŸ’€ğŸ’€ğŸ’€ğŸ’€,0
MS,@ayoo_its_ro Thank you â™¥ï¸â™¥ï¸,1
MD,Gotta have it - Shawty Lâ­•ï¸,0
IL,"And now Iâ€™m home. All in all, a v good day 1 @RiotFest gotta sleep bc Iâ€™m an old and Iâ€™ll SEE YOU TOMORROW!!!",1
IL,@mikehb681 I try and go every year! itâ€™s basically my happy place lol,1
CA,Tweet more,0
CA,I canâ€™t take it... seeing pictures of the kardashians baby girls is making me want a child right now,0
AZ,Happy bday will love you bro â¤ï¸ love playing with you ğŸ¤ğŸ¼@_will_maxey,1
TX,iPhone Xs Max is too much to say ğŸ˜‚ğŸ˜‚,-1
GA,@PilotCristobal Undeniable Talent?,0
TX,"@_Dolomyte_ I donâ€™t have a witty response, I apologize.",-1
FL,"@ReaperGrim2012 I may have, Iâ€™m not sure. Do you have a link?",0
AZ,I just want my home back,-1
IN,@joe_webb_15 110%ğŸ™ƒğŸ™ƒâ¤ï¸ and proud of it,1
NC,Never nigga,1
NY,@justbrad Do you need me to pull up on him?,0
NY,Pi chapter whatâ€™s good @ SUNY New Paltz https://t.co/JDXN8WX7Cj,0
TX,"Happy birthday bae ! ğŸ¤ªğŸ–¤ the day has just begun, canâ€™t wait to turn up ğŸ˜ˆ @datboyjohnson17",1
VA,ğŸ˜‚ğŸ˜‚ Itâ€™s all crap,-1
OR,"Honestly I take everything back, ur not born a bitch people make u one!!!",0
OH,Eminem looks a lot like the dude from the movie 8 mile,0
NY,"@JumaaneWilliams With the deepest respect, thank you for being you, man! ğŸ™ŒğŸ½ğŸ™ŒğŸ½",1
WA,"Another day at the FOREVERFIT office 
going over FOREVERFIT client workouts, FOREVERFIT nutrition,
e-mails, Facebooâ€¦ https://t.co/RqJfYvVGro",0
WI,"@ESPNStatsInfo I guess it wasn't Robin Yount,
But he is the only 18 year old to hit a homerun.
#MLBLive",0
MI,@Claressashields He had that lion's heart,0
NV,HappyğŸ˜½,1
WA,A couple more thoughts for the weekend a) if you leave your animals behind in a hurricane fuck you b) Iâ€™m going toâ€¦ https://t.co/clj7XWSuCJ,0
NY,"Oh, junior. If there are any flies on you, they're paying' fuckin rent.",0
OH,Lmfaoooooo for all you punk ass Xbox niggas https://t.co/sErSie5lSC,-1
NC,@RocRoyalshawty1 not the ivany uk. relax partna.,0
AL,ğŸ˜ğŸ˜ğŸ˜ğŸ˜ğŸ˜ğŸ˜ğŸ˜ I been telling Tyler I miss you too ğŸ˜©,1
NV,@LoadedGlovesNYC Love to ğŸ‘ŠğŸ»ğŸ¨,1
MD,"â€œwhen you look at someone through rose colored glasses, all the red flags just look like flagsâ€",0
NC,For all living past ad present,0
CA,"@BIGSANT ğŸ˜‚ğŸ˜‚ğŸ˜‚ Ahhhh shit, that Freek-A-Leek??",-1
OH,@Prehab212 Lol. Thanks.,1
PA,"@Ange_Amene @Sker4Lyfe @magi_jay @EricBogan12 Hahahahah ego trip? I literally said ""I could stand to learn"" and admâ€¦ https://t.co/MR5Dd69GUU",0
CA,My mom and the neighbor are drinking and singing hella Jenni Rivera songs lmao,0
WA,"We had an amazing first night at our Menâ€™s Retreat! God showed up, worship was powerful and Pastor Tim brought an iâ€¦ https://t.co/nIbMZnovKf",1
TN,@bangnswang And how many times have I beat you? How about we wager?,0
OK,@MaraJyn Iâ€™m kinda looking forward to it. Iâ€™m stuck at the soft cap for light tho,0
OH,@taylorfalat @macymartin01 Oml Taylor Iâ€™m losing it ğŸ¤£ğŸ¤£ğŸ¤£ğŸ¤£ğŸ¤£ğŸ¤£,0
AL,the ppl food stamp card i lost are some cracc heads and dey pay my uncle sometimes by stamps dey been blowin my jacâ€¦ https://t.co/3WAE7yVaYE,0
TX,A great thing to do with your bible ğŸ’•ğŸ’• https://t.co/Hv0cnF9uaq,1
WA,@f505eb72b9cd493 @pault426 @jonrog1 Anything's possible. ğŸ¤·,0
WA,Could use a blunt right about now,0
NY,@ChestnutSky @etherealyehet @weareoneEXO Took all my guts to do this.ğŸ˜‚ You should post one too â¤ï¸,0
CA,Bay Area kids are fuckinâ€™ dancey,0
TX,I was out to eat today and I saw this play and this is RIDICULOUSâ€¼ï¸ğŸ”¥,-1
AZ,"... watching Forensic Files with @peterhouk on our #FunFriday evening (weâ€™re old):

TV: he confessed........ to decâ€¦ https://t.co/pkf2ujFfRB",0
TX,Thereâ€™s a reason he called it killshot #KILLSHOT,0
GA,"Still banginâ€™ after all these years! By request, too! Even though I keep it in rotation... @crystalwaters1â€¦ https://t.co/YZOpbVxgDl",0
NM,@Plantflowes Cuz sheâ€™s so fâ€™n smarmy!,1
TX,Watch me run this shit all the way tf up,-1
TN,Iâ€™m lit rn,0
LA,@Mimosa_Mami__ I feel the exact same way lol. Iâ€™m nervous it wonâ€™t be what we waited on. But ion wan count him out neither,-1
NV,bishop gorman aint get the snap off for a final playğŸ˜‚ğŸ˜‚ğŸ˜‚ğŸ˜‚,0
TX,"'vandegrift' is now trending in #Austin

https://t.co/VE5qp6tYrA https://t.co/2o6LIjMZNz",0
VA,@_glitterati_ @Myrtle_Sue @Mikasa_Chilosa That would be so fun!,1
WA,Fantastic southern food in the Pacific Northwest #southern #cocktails #cornbread @ JuneBaby https://t.co/1Z9aCVXlMd,1
AR,@TheRunningManZ Fry up?,0
MD,@tayystrickland Thatâ€™s why you should not leave toddlers alone even for a second !,0
GA,Me wah my fruit ::((((( dat banawna,-1
NC,They say in dire times when you need a sign thatâ€™s when they appearğŸ•Š,0
IA,Game day. Let's go.,1
TX,"Made a promise to my momma that Iâ€™ll bless her with some grandkids, she can spoil â€˜em",1
NJ,@crizanetti78 The box office mate go the night before  or the morning of the show.,0
MO,@DanMarino Happy 57th Birthday have  a great day! https://t.co/pOUGdJMTe5,1
FL,Oh my god I took every type of transportation just to get home.,-1
MD,The walls in Cambridge are actually kinda damp and Iâ€™m am pissed. They shut off the ac Bc it caused moisture betweeâ€¦ https://t.co/YtFrtlmL8s,-1
MA,Adam got finessed,0
CA,@wonhhobi PS my DAD downloaded it too,0
GA,"Book your appointment today. 

#EzRepost #nails #nailart #nailpolish #nailporn #makeup #lashes #microbladingâ€¦ https://t.co/hL3aUVE5k7",0
AZ,Right when I leave the club Iâ€™m getting food,1
MI,@HTC_KylieP Hey Kylie I just wanted to take a second to say congratulations on 6k followers your awesome and amazinâ€¦ https://t.co/MpkxcAQnaH,1
LA,i love my greyhound â¤ï¸ğŸ–¤ https://t.co/ourIVtIjhJ,1
NY,Yâ€™all skin finna look like leather fuckin with this,-1
OH,@JudicialWatch Booker needs to be kicked out of the Senate!!!,-1
MA,"After procrastinating for 2 weeks â€”

Professor: â€œTake out your rough drafts that I gave you 2 weeks to do...â€

Me:",0
TX,in VIP at el ojo thinking about all of the worlds unsolved mysteries,0
MS,My baby had a great 2nd birthday ğŸ¾ğŸ’Ÿ forgot to take a picture of her cookie and toy she got but she loved them ğŸ¶ğŸ’ŸğŸ’œğŸ¾â€¦ https://t.co/9iimaElC5a,1
CA,"Yucca Flats Saddle blankets ... 
Need I say more? #yuccaflats #thewildflowerranch #cowboysdownanddirtytwr @ Califorâ€¦ https://t.co/5DhYs2MxPe",0
WA,"Tfw someone is selling a cello and itâ€™s tempting...

but you donâ€™t even play cello. ğŸ˜",0
CA,I drank 2 - 3packs today and NothinğŸ¤”,0
CA,"Pups
@JamesRAHendry 
@Boxormoney 
#safarilive https://t.co/NV67jYs3SD",0
CA,I'd love to feed and water myself whenever I wanted but I can't as both my hands are holding crutches and stairs are a bitch but whatever,1
TX,This mans has a selfie with apple juice on his phone case and on his shirt... legend,1
IA,If @manda_crowe actually flys me out to Michigan I'm gonna cry. I miss my bitch ğŸ˜­ğŸ’”,-1
MS,"@dynastyfeed @MatthewBerryTMR ğŸ™„lol. 
I traded him in my yahoo league. Will I regret it?",0
PA,@hugheslife18 Itâ€™s so beautiful watching a woman love her craft,1
VA,@ShanteBae @GroovyBruce @CelebPhotoOps @FandemicTour ğŸ˜ğŸ˜ğŸ’œyes girl!!!!,0
TX,Small World Outchea Dude ğŸ¤£,0
TX,@janysaaa love you more Jenn ğŸ˜ğŸ˜ğŸ˜â¤ï¸ğŸ˜ğŸ˜,1
TX,ğŸ˜‚ğŸ˜‚ğŸ˜‚ he said you big on the radio I'm done âš°ï¸,0
CA,Well no fucking shit!,-1
NY,@Tinta_Mint Best wishes with your assignment!,1
